{"id":"VariableCollectionId:29:500","name":"Colors - Statics","modes":{"29:2":"Light","86:1":"Dark"},"variableIds":["VariableID:30:262","VariableID:83:703","VariableID:321:1112","VariableID:321:1113","VariableID:321:1114","VariableID:30:430","VariableID:33:294","VariableID:30:282","VariableID:30:281","VariableID:86:1156","VariableID:30:287","VariableID:30:428","VariableID:30:429","VariableID:86:1198","VariableID:86:1199","VariableID:86:1200","VariableID:29:516","VariableID:29:512","VariableID:30:280","VariableID:86:1163","VariableID:86:1158","VariableID:86:1157","VariableID:86:1159","VariableID:86:1162","VariableID:86:1161","VariableID:86:1201","VariableID:86:1202"],"variables":[{"id":"VariableID:29:512","name":"Text/secondaryText","description":"","type":"COLOR","valuesByMode":{"29:2":{"r":0.28883713483810425,"g":0.28883713483810425,"b":0.28883713483810425,"a":1},"86:1":{"r":1,"g":1,"b":1,"a":1}},"resolvedValuesByMode":{"29:2":{"resolvedValue":{"r":0.28883713483810425,"g":0.28883713483810425,"b":0.28883713483810425,"a":1},"alias":null},"86:1":{"resolvedValue":{"r":1,"g":1,"b":1,"a":1},"alias":null}},"scopes":["ALL_SCOPES"],"hiddenFromPublishing":false,"codeSyntax":{}},{"id":"VariableID:29:516","name":"Text/primaryText","description":"","type":"COLOR","valuesByMode":{"29:2":{"r":0.08653846383094788,"g":0.08653846383094788,"b":0.08653846383094788,"a":1},"86:1":{"r":1,"g":1,"b":1,"a":1}},"resolvedValuesByMode":{"29:2":{"resolvedValue":{"r":0.08653846383094788,"g":0.08653846383094788,"b":0.08653846383094788,"a":1},"alias":null},"86:1":{"resolvedValue":{"r":1,"g":1,"b":1,"a":1},"alias":null}},"scopes":["ALL_SCOPES"],"hiddenFromPublishing":false,"codeSyntax":{}},{"id":"VariableID:30:262","name":"logoColor","description":"","type":"COLOR","valuesByMode":{"29:2":{"r":0.27450981736183167,"g":0.33725491166114807,"b":0.3607843220233917,"a":1},"86:1":{"r":0.27450981736183167,"g":0.33725491166114807,"b":0.3607843220233917,"a":1}},"resolvedValuesByMode":{"29:2":{"resolvedValue":{"r":0.27450981736183167,"g":0.33725491166114807,"b":0.3607843220233917,"a":1},"alias":null},"86:1":{"resolvedValue":{"r":0.27450981736183167,"g":0.33725491166114807,"b":0.3607843220233917,"a":1},"alias":null}},"scopes":["ALL_SCOPES"],"hiddenFromPublishing":false,"codeSyntax":{}},{"id":"VariableID:30:280","name":"Text/tertiaryText","description":"","type":"COLOR","valuesByMode":{"29:2":{"r":0.3753755986690521,"g":0.3753755986690521,"b":0.3753755986690521,"a":1},"86:1":{"r":1,"g":1,"b":1,"a":1}},"resolvedValuesByMode":{"29:2":{"resolvedValue":{"r":0.3753755986690521,"g":0.3753755986690521,"b":0.3753755986690521,"a":1},"alias":null},"86:1":{"resolvedValue":{"r":1,"g":1,"b":1,"a":1},"alias":null}},"scopes":["ALL_SCOPES"],"hiddenFromPublishing":false,"codeSyntax":{}},{"id":"VariableID:30:281","name":"shadowBlackStrong","description":"","type":"COLOR","valuesByMode":{"29:2":{"r":0.2211538404226303,"g":0.2211538404226303,"b":0.2211538404226303,"a":0.15000000596046448},"86:1":{"r":0.04326923191547394,"g":0.04326923191547394,"b":0.04326923191547394,"a":0.8500000238418579}},"resolvedValuesByMode":{"29:2":{"resolvedValue":{"r":0.2211538404226303,"g":0.2211538404226303,"b":0.2211538404226303,"a":0.15000000596046448},"alias":null},"86:1":{"resolvedValue":{"r":0.04326923191547394,"g":0.04326923191547394,"b":0.04326923191547394,"a":0.8500000238418579},"alias":null}},"scopes":["ALL_SCOPES"],"hiddenFromPublishing":false,"codeSyntax":{}},{"id":"VariableID:30:282","name":"shadowBlackStandard","description":"","type":"COLOR","valuesByMode":{"29:2":{"r":0.21960784494876862,"g":0.21960784494876862,"b":0.21960784494876862,"a":0.10000000149011612},"86:1":{"r":0.04326923191547394,"g":0.04326923191547394,"b":0.04326923191547394,"a":0.6499999761581421}},"resolvedValuesByMode":{"29:2":{"resolvedValue":{"r":0.21960784494876862,"g":0.21960784494876862,"b":0.21960784494876862,"a":0.10000000149011612},"alias":null},"86:1":{"resolvedValue":{"r":0.04326923191547394,"g":0.04326923191547394,"b":0.04326923191547394,"a":0.6499999761581421},"alias":null}},"scopes":["ALL_SCOPES"],"hiddenFromPublishing":false,"codeSyntax":{}},{"id":"VariableID:30:287","name":"Surfaces/pageBackground","description":"","type":"COLOR","valuesByMode":{"29:2":{"r":0.9921568632125854,"g":0.9960784316062927,"b":1,"a":1},"86:1":{"r":0.08627451211214066,"g":0.09019608050584793,"b":0.09803921729326248,"a":1}},"resolvedValuesByMode":{"29:2":{"resolvedValue":{"r":0.9921568632125854,"g":0.9960784316062927,"b":1,"a":1},"alias":null},"86:1":{"resolvedValue":{"r":0.08627451211214066,"g":0.09019608050584793,"b":0.09803921729326248,"a":1},"alias":null}},"scopes":["ALL_SCOPES"],"hiddenFromPublishing":false,"codeSyntax":{}},{"id":"VariableID:30:428","name":"Surfaces/surfacePrimary","description":"","type":"COLOR","valuesByMode":{"29:2":{"r":1,"g":1,"b":1,"a":1},"86:1":{"r":0.14901961386203766,"g":0.1568627506494522,"b":0.16862745583057404,"a":1}},"resolvedValuesByMode":{"29:2":{"resolvedValue":{"r":1,"g":1,"b":1,"a":1},"alias":null},"86:1":{"resolvedValue":{"r":0.14901961386203766,"g":0.1568627506494522,"b":0.16862745583057404,"a":1},"alias":null}},"scopes":["ALL_SCOPES"],"hiddenFromPublishing":false,"codeSyntax":{}},{"id":"VariableID:30:429","name":"Surfaces/surfaceSecondary","description":"","type":"COLOR","valuesByMode":{"29:2":{"r":0.9764705896377563,"g":0.9843137264251709,"b":0.9843137264251709,"a":1},"86:1":{"r":0.20392157137393951,"g":0.21568627655506134,"b":0.23137255012989044,"a":1}},"resolvedValuesByMode":{"29:2":{"resolvedValue":{"r":0.9764705896377563,"g":0.9843137264251709,"b":0.9843137264251709,"a":1},"alias":null},"86:1":{"resolvedValue":{"r":0.20392157137393951,"g":0.21568627655506134,"b":0.23137255012989044,"a":1},"alias":null}},"scopes":["ALL_SCOPES"],"hiddenFromPublishing":false,"codeSyntax":{}},{"id":"VariableID:30:430","name":"border/borderStandard","description":"","type":"COLOR","valuesByMode":{"29:2":{"r":0.8745098114013672,"g":0.8901960849761963,"b":0.8980392217636108,"a":1},"86:1":{"r":1,"g":1,"b":1,"a":1}},"resolvedValuesByMode":{"29:2":{"resolvedValue":{"r":0.8745098114013672,"g":0.8901960849761963,"b":0.8980392217636108,"a":1},"alias":null},"86:1":{"resolvedValue":{"r":1,"g":1,"b":1,"a":1},"alias":null}},"scopes":["ALL_SCOPES"],"hiddenFromPublishing":false,"codeSyntax":{}},{"id":"VariableID:33:294","name":"border/borderSecondary","description":"","type":"COLOR","valuesByMode":{"29:2":{"r":0.7895941138267517,"g":0.8241132497787476,"b":0.8509615659713745,"a":1},"86:1":{"r":1,"g":1,"b":1,"a":1}},"resolvedValuesByMode":{"29:2":{"resolvedValue":{"r":0.7895941138267517,"g":0.8241132497787476,"b":0.8509615659713745,"a":1},"alias":null},"86:1":{"resolvedValue":{"r":1,"g":1,"b":1,"a":1},"alias":null}},"scopes":["ALL_SCOPES"],"hiddenFromPublishing":false,"codeSyntax":{}},{"id":"VariableID:83:703","name":"logoAltColor","description":"","type":"COLOR","valuesByMode":{"29:2":{"r":0.6313725709915161,"g":0.6666666865348816,"b":0.6470588445663452,"a":1},"86:1":{"r":0.6313725709915161,"g":0.6666666865348816,"b":0.6470588445663452,"a":1}},"resolvedValuesByMode":{"29:2":{"resolvedValue":{"r":0.6313725709915161,"g":0.6666666865348816,"b":0.6470588445663452,"a":1},"alias":null},"86:1":{"resolvedValue":{"r":0.6313725709915161,"g":0.6666666865348816,"b":0.6470588445663452,"a":1},"alias":null}},"scopes":["ALL_SCOPES"],"hiddenFromPublishing":false,"codeSyntax":{}},{"id":"VariableID:86:1156","name":"shadowSelected","description":"","type":"COLOR","valuesByMode":{"29:2":{"r":0.27450981736183167,"g":0.33725491166114807,"b":0.3607843220233917,"a":0.3499999940395355},"86:1":{"r":0.27450981736183167,"g":0.33725491166114807,"b":0.3607843220233917,"a":0.15000000596046448}},"resolvedValuesByMode":{"29:2":{"resolvedValue":{"r":0.27450981736183167,"g":0.33725491166114807,"b":0.3607843220233917,"a":0.3499999940395355},"alias":null},"86:1":{"resolvedValue":{"r":0.27450981736183167,"g":0.33725491166114807,"b":0.3607843220233917,"a":0.15000000596046448},"alias":null}},